{
  "fx": 1434.324665097519,
  "fy": 1437.9997420054342,
  "cx": 959.7503312293478,
  "cy": 481.9207246572926,
  "width": 1920,
  "height": 1080,
  "distortion": [
    [
      -0.007438810896490733,
      0.27278405088298296,
      -0.010693468100379694,
      0.0011620827514786667,
      -0.49119816099555513
    ]
  ],
  "camera_matrix": [
    [
      1434.324665097519,
      0.0,
      959.7503312293478
    ],
    [
      0.0,
      1437.9997420054342,
      481.9207246572926
    ],
    [
      0.0,
      0.0,
      1.0
    ]
  ],
  "reprojection_error": 0.03358984849001429
}