{
  "depth_scale": 0.0014990100531753322,
  "known_distance": 0.6,
  "raw_depth_sample": 400.26416015625,
  "calibration_method": "known_distance"
}