{
  "id": "simple-demo",
  "metadata": {
    "name": "Simple Reach",
    "description": "Single arm can reach both start and goal. No obstacles.",
    "difficulty": "simple",
    "created": "2025-12-01T06:58:59.545911Z",
    "version": "1.0"
  },
  "config": {
    "arm_type": "2-link",
    "arm_params": {
      "L1": 1.0,
      "L2": 0.7
    },
    "item_start": [
      -0.5,
      1.2
    ],
    "item_goal": [
      -0.3,
      1.5
    ],
    "left_base_x": -1.0,
    "right_base_x": 1.0,
    "obstacles": [],
    "rrt_params": {
      "max_iterations": 3000,
      "step_size": 0.15,
      "goal_threshold": 0.2,
      "use_kdtree": true,
      "workspace_weight": 0.3,
      "use_adaptive_step": true
    }
  },
  "saved_results": {
    "strategy": {
      "grab_arm": "left",
      "delivery_arm": "left",
      "needs_handoff": false,
      "single_arm_possible": true,
      "chosen_arm": "left"
    },
    "handoff_point": null,
    "phases": [
      {
        "arm": "left",
        "from": "start",
        "to": "goal",
        "path_length": 4
      }
    ],
    "path": [
      {
        "config": [
          0.6146414875257044,
          1.425723510790896,
          0.0,
          0.0
        ],
        "left_ee": [
          -0.49977093789530214,
          1.2009001453479038
        ],
        "right_ee": [
          2.7,
          0.0
        ]
      },
      {
        "config": [
          0.6875390971107782,
          1.2128598489864864,
          0.0,
          0.0
        ],
        "left_ee": [
          -0.45375681043878013,
          1.296957021235708
        ],
        "right_ee": [
          2.7,
          0.0
        ]
      },
      {
        "config": [
          0.9568086535701255,
          0.4432205132427992,
          0.0,
          0.0
        ],
        "left_ee": [
          -0.3049117345580602,
          1.5071753797228546
        ],
        "right_ee": [
          2.7,
          0.0
        ]
      },
      {
        "config": [
          0.9446995345404775,
          0.46194205217414946,
          0.0,
          0.0
        ],
        "left_ee": [
          -0.29962067633248723,
          1.5009106889046315
        ],
        "right_ee": [
          2.7,
          0.0
        ]
      }
    ],
    "tree": {
      "nodes": []
    },
    "metrics": {
      "planning_time": 0.04636716842651367,
      "path_length": 4,
      "tree_size": 0,
      "iterations": 8
    }
  }
}